subscription_id,customer_id,package_name,promotion_price,start_date,end_date,status,network_operation
S000001,C000001,1000/500 Mbps,399,2025-03-01,,ACTIVE,FBB
S000002,C000002,500/500 Mbps,499,2025-07-01,,ACTIVE,3BB
S000003,C000003,1000/500 Mbps,599,2025-05-01,,ACTIVE,3BB
S000004,C000004,500/500 Mbps,499,2025-08-01,,ACTIVE,FBB
S000005,C000005,500/500 Mbps,799,2025-10-01,2025-11-01,CHURN,3BB
S000006,C000006,1000/1000 Mbps,599,2025-06-01,,ACTIVE,FBB
S000007,C000007,1000/500 Mbps,399,2025-08-01,,ACTIVE,FBB
S000008,C000008,1000/500 Mbps,999,2025-03-01,,ACTIVE,FBB
S000009,C000009,1000/500 Mbps,499,2025-04-01,,ACTIVE,FBB
S000010,C000010,1000/500 Mbps,799,2025-12-01,,ACTIVE,FBB
S000011,C000011,500/500 Mbps,399,2025-11-01,,ACTIVE,3BB
S000012,C000012,1000/1000 Mbps,499,2025-08-01,,ACTIVE,FBB
S000013,C000013,500/500 Mbps,399,2025-08-01,2025-10-01,CHURN,FBB
S000014,C000014,1000/500 Mbps,399,2025-04-01,2025-11-01,CHURN,3BB
S000015,C000015,500/500 Mbps,799,2025-02-01,2025-04-01,CHURN,FBB
S000016,C000016,1000/500 Mbps,399,2025-02-01,,ACTIVE,FBB
S000017,C000017,1000/1000 Mbps,799,2025-08-01,2025-12-01,CHURN,3BB
S000018,C000018,1000/500 Mbps,499,2025-01-01,,ACTIVE,3BB
S000019,C000019,1000/500 Mbps,599,2025-04-01,,ACTIVE,3BB
S000020,C000020,1000/1000 Mbps,599,2025-03-01,2025-07-01,CHURN,3BB
S000021,C000021,1000/500 Mbps,399,2025-07-01,,ACTIVE,FBB
S000022,C000022,1000/500 Mbps,499,2025-05-01,,ACTIVE,FBB
S000023,C000023,1000/1000 Mbps,399,2025-11-01,,ACTIVE,3BB
S000024,C000024,1000/1000 Mbps,799,2025-12-01,,ACTIVE,3BB
S000025,C000025,1000/500 Mbps,599,2025-10-01,,ACTIVE,FBB
S000026,C000026,500/500 Mbps,399,2025-01-01,,ACTIVE,3BB
S000027,C000027,1000/500 Mbps,999,2025-01-01,,ACTIVE,3BB
S000028,C000028,500/500 Mbps,399,2025-10-01,,ACTIVE,FBB
S000029,C000029,1000/1000 Mbps,399,2025-11-01,,ACTIVE,FBB
S000030,C000030,1000/500 Mbps,599,2025-10-01,,ACTIVE,FBB
S000031,C000031,1000/500 Mbps,599,2025-03-01,,ACTIVE,FBB
S000032,C000032,1000/1000 Mbps,999,2025-12-01,,ACTIVE,FBB
S000033,C000033,1000/500 Mbps,999,2025-10-01,,ACTIVE,3BB
S000034,C000034,500/500 Mbps,399,2025-03-01,,ACTIVE,FBB
S000035,C000035,1000/1000 Mbps,799,2025-10-01,,ACTIVE,FBB
S000036,C000036,500/500 Mbps,499,2025-06-01,,ACTIVE,3BB
S000037,C000037,1000/500 Mbps,399,2025-12-01,,CHURN,FBB
S000038,C000038,500/500 Mbps,399,2025-03-01,,ACTIVE,3BB
S000039,C000039,1000/1000 Mbps,799,2025-02-01,,ACTIVE,FBB
S000040,C000040,500/500 Mbps,499,2025-06-01,,ACTIVE,3BB
S000041,C000041,1000/1000 Mbps,599,2025-11-01,,ACTIVE,FBB
S000042,C000042,1000/1000 Mbps,999,2025-12-01,,ACTIVE,3BB
S000043,C000043,500/500 Mbps,799,2025-04-01,,ACTIVE,3BB
S000044,C000044,500/500 Mbps,499,2025-12-01,,ACTIVE,FBB
S000045,C000045,1000/500 Mbps,999,2025-12-01,,ACTIVE,FBB
S000046,C000046,1000/1000 Mbps,499,2025-03-01,,ACTIVE,FBB
S000047,C000047,500/500 Mbps,599,2025-08-01,2025-09-01,CHURN,3BB
S000048,C000048,500/500 Mbps,599,2025-03-01,,ACTIVE,3BB
S000049,C000049,500/500 Mbps,399,2025-01-01,,ACTIVE,3BB
S000050,C000050,1000/1000 Mbps,399,2025-05-01,,ACTIVE,FBB
S000051,C000051,1000/500 Mbps,499,2025-07-01,,ACTIVE,3BB
S000052,C000052,1000/500 Mbps,999,2025-08-01,,ACTIVE,3BB
S000053,C000053,1000/1000 Mbps,499,2025-02-01,,ACTIVE,FBB
S000054,C000054,1000/500 Mbps,399,2025-08-01,2025-09-01,CHURN,3BB
S000055,C000055,500/500 Mbps,599,2025-05-01,,ACTIVE,FBB
S000056,C000056,1000/1000 Mbps,399,2025-07-01,2025-08-01,CHURN,3BB
S000057,C000057,1000/500 Mbps,399,2025-10-01,,ACTIVE,3BB
S000058,C000058,500/500 Mbps,399,2025-11-01,2025-12-01,CHURN,FBB
S000059,C000059,500/500 Mbps,799,2025-06-01,,ACTIVE,3BB
S000060,C000060,500/500 Mbps,399,2025-11-01,,ACTIVE,FBB
S000061,C000061,1000/500 Mbps,499,2025-07-01,,ACTIVE,FBB
S000062,C000062,1000/500 Mbps,999,2025-06-01,2025-07-01,CHURN,3BB
S000063,C000063,500/500 Mbps,599,2025-04-01,2025-08-01,CHURN,FBB
S000064,C000064,1000/500 Mbps,799,2025-08-01,,ACTIVE,3BB
S000065,C000065,1000/500 Mbps,399,2025-08-01,,ACTIVE,3BB
S000066,C000066,1000/500 Mbps,599,2025-03-01,,ACTIVE,FBB
S000067,C000067,1000/500 Mbps,599,2025-08-01,2025-12-01,CHURN,FBB
S000068,C000068,500/500 Mbps,399,2025-05-01,,ACTIVE,FBB
S000069,C000069,1000/1000 Mbps,799,2025-11-01,,ACTIVE,FBB
S000070,C000070,1000/1000 Mbps,799,2025-09-01,2025-11-01,CHURN,3BB
S000071,C000071,1000/500 Mbps,599,2025-10-01,,ACTIVE,FBB
S000072,C000072,1000/1000 Mbps,399,2025-07-01,,ACTIVE,FBB
S000073,C000073,1000/500 Mbps,499,2025-02-01,,ACTIVE,FBB
S000074,C000074,500/500 Mbps,399,2025-04-01,,ACTIVE,3BB
S000075,C000075,1000/500 Mbps,499,2025-02-01,,ACTIVE,FBB
S000076,C000076,1000/1000 Mbps,399,2025-10-01,,ACTIVE,FBB
S000077,C000077,1000/1000 Mbps,599,2025-07-01,,ACTIVE,3BB
S000078,C000078,500/500 Mbps,999,2025-09-01,,ACTIVE,3BB
S000079,C000079,500/500 Mbps,999,2025-02-01,,ACTIVE,FBB
S000080,C000080,500/500 Mbps,599,2025-02-01,,ACTIVE,3BB
S000081,C000081,1000/1000 Mbps,799,2025-07-01,,ACTIVE,3BB
S000082,C000082,500/500 Mbps,999,2025-01-01,2025-08-01,CHURN,3BB
S000083,C000083,1000/500 Mbps,499,2025-01-01,,ACTIVE,FBB
S000084,C000084,1000/500 Mbps,599,2025-12-01,,ACTIVE,FBB
S000085,C000085,1000/500 Mbps,599,2025-06-01,,ACTIVE,3BB
S000086,C000086,1000/1000 Mbps,399,2025-08-01,,ACTIVE,FBB
S000087,C000087,1000/1000 Mbps,799,2025-03-01,,ACTIVE,3BB
S000088,C000088,1000/1000 Mbps,399,2025-05-01,,ACTIVE,FBB
S000089,C000089,1000/500 Mbps,799,2025-08-01,,ACTIVE,3BB
S000090,C000090,500/500 Mbps,399,2025-01-01,,ACTIVE,3BB
S000091,C000091,500/500 Mbps,999,2025-12-01,,ACTIVE,FBB
S000092,C000092,500/500 Mbps,399,2025-03-01,,ACTIVE,FBB
S000093,C000093,1000/500 Mbps,499,2025-01-01,,ACTIVE,3BB
S000094,C000094,1000/1000 Mbps,799,2025-06-01,,ACTIVE,FBB
S000095,C000095,1000/500 Mbps,999,2025-11-01,2025-12-01,CHURN,3BB
S000096,C000096,1000/500 Mbps,999,2025-03-01,,ACTIVE,3BB
S000097,C000097,1000/1000 Mbps,399,2025-06-01,2025-09-01,CHURN,3BB
S000098,C000098,500/500 Mbps,999,2025-01-01,,ACTIVE,FBB
S000099,C000099,1000/1000 Mbps,499,2025-04-01,,ACTIVE,3BB
S000100,C000100,500/500 Mbps,399,2025-11-01,,ACTIVE,3BB
S000101,C000101,1000/1000 Mbps,399,2025-03-01,,ACTIVE,FBB
S000102,C000102,1000/500 Mbps,599,2025-05-01,,ACTIVE,3BB
S000103,C000103,1000/500 Mbps,599,2025-07-01,,ACTIVE,FBB
S000104,C000104,1000/1000 Mbps,999,2025-08-01,,ACTIVE,3BB
S000105,C000105,1000/1000 Mbps,999,2025-10-01,2025-12-01,CHURN,3BB
S000106,C000106,1000/500 Mbps,399,2025-05-01,,ACTIVE,3BB
S000107,C000107,1000/500 Mbps,599,2025-05-01,,ACTIVE,3BB
S000108,C000108,500/500 Mbps,999,2025-04-01,2025-08-01,CHURN,3BB
S000109,C000109,500/500 Mbps,399,2025-11-01,,ACTIVE,3BB
S000110,C000110,1000/500 Mbps,799,2025-05-01,,ACTIVE,3BB
S000111,C000111,1000/1000 Mbps,999,2025-12-01,,CHURN,FBB
S000112,C000112,500/500 Mbps,999,2025-06-01,,ACTIVE,3BB
S000113,C000113,1000/500 Mbps,499,2025-11-01,,ACTIVE,FBB
S000114,C000114,1000/1000 Mbps,599,2025-05-01,2025-07-01,CHURN,FBB
S000115,C000115,1000/1000 Mbps,399,2025-11-01,,ACTIVE,FBB
S000116,C000116,1000/500 Mbps,799,2025-06-01,,ACTIVE,3BB
S000117,C000117,1000/500 Mbps,799,2025-06-01,,ACTIVE,FBB
S000118,C000118,1000/500 Mbps,499,2025-08-01,2025-09-01,CHURN,FBB
S000119,C000119,1000/500 Mbps,799,2025-11-01,,ACTIVE,FBB
S000120,C000120,1000/500 Mbps,799,2025-03-01,2025-07-01,CHURN,3BB
S000121,C000121,1000/1000 Mbps,499,2025-03-01,,ACTIVE,FBB
S000122,C000122,500/500 Mbps,599,2025-08-01,,ACTIVE,FBB
S000123,C000123,500/500 Mbps,499,2025-01-01,,ACTIVE,FBB
S000124,C000124,500/500 Mbps,499,2025-08-01,,ACTIVE,3BB
S000125,C000125,1000/500 Mbps,799,2025-11-01,,ACTIVE,3BB
S000126,C000126,1000/1000 Mbps,599,2025-01-01,2025-05-01,CHURN,FBB
S000127,C000127,1000/1000 Mbps,499,2025-06-01,,ACTIVE,FBB
S000128,C000128,500/500 Mbps,599,2025-11-01,2025-12-01,CHURN,3BB
S000129,C000129,1000/1000 Mbps,599,2025-03-01,2025-12-01,CHURN,FBB
S000130,C000130,1000/500 Mbps,599,2025-02-01,,ACTIVE,3BB
S000131,C000131,1000/1000 Mbps,599,2025-12-01,,ACTIVE,3BB
S000132,C000132,1000/500 Mbps,799,2025-11-01,,ACTIVE,3BB
S000133,C000133,500/500 Mbps,499,2025-04-01,2025-11-01,CHURN,FBB
S000134,C000134,500/500 Mbps,399,2025-12-01,,ACTIVE,FBB
S000135,C000135,1000/1000 Mbps,399,2025-02-01,,ACTIVE,3BB
S000136,C000136,1000/1000 Mbps,999,2025-11-01,,ACTIVE,FBB
S000137,C000137,1000/1000 Mbps,399,2025-10-01,,ACTIVE,FBB
S000138,C000138,1000/500 Mbps,799,2025-01-01,,ACTIVE,3BB
S000139,C000139,1000/500 Mbps,499,2025-02-01,,ACTIVE,FBB
S000140,C000140,500/500 Mbps,599,2025-12-01,,ACTIVE,3BB
S000141,C000141,1000/1000 Mbps,999,2025-11-01,2025-12-01,CHURN,FBB
S000142,C000142,500/500 Mbps,999,2025-07-01,,ACTIVE,FBB
S000143,C000143,1000/500 Mbps,499,2025-05-01,2025-06-01,CHURN,FBB
S000144,C000144,500/500 Mbps,599,2025-05-01,,ACTIVE,3BB
S000145,C000145,1000/500 Mbps,499,2025-05-01,2025-10-01,CHURN,3BB
S000146,C000146,500/500 Mbps,399,2025-06-01,,ACTIVE,FBB
S000147,C000147,500/500 Mbps,399,2025-10-01,,ACTIVE,FBB
S000148,C000148,1000/500 Mbps,499,2025-12-01,,ACTIVE,3BB
S000149,C000149,500/500 Mbps,399,2025-05-01,,ACTIVE,FBB
S000150,C000150,1000/500 Mbps,599,2025-01-01,,ACTIVE,3BB
S000151,C000151,500/500 Mbps,399,2025-12-01,,CHURN,FBB
S000152,C000152,1000/500 Mbps,599,2025-11-01,,ACTIVE,3BB
S000153,C000153,1000/1000 Mbps,399,2025-10-01,,ACTIVE,3BB
S000154,C000154,1000/500 Mbps,799,2025-06-01,,ACTIVE,3BB
S000155,C000155,1000/1000 Mbps,799,2025-05-01,,ACTIVE,3BB
S000156,C000156,500/500 Mbps,399,2025-11-01,,ACTIVE,FBB
S000157,C000157,500/500 Mbps,399,2025-12-01,,ACTIVE,3BB
S000158,C000158,1000/1000 Mbps,799,2025-10-01,,ACTIVE,FBB
S000159,C000159,1000/500 Mbps,999,2025-10-01,,ACTIVE,FBB
S000160,C000160,1000/1000 Mbps,499,2025-11-01,,ACTIVE,3BB
S000161,C000161,1000/500 Mbps,399,2025-08-01,2025-12-01,CHURN,FBB
S000162,C000162,500/500 Mbps,999,2025-05-01,,ACTIVE,FBB
S000163,C000163,1000/1000 Mbps,999,2025-11-01,,ACTIVE,FBB
S000164,C000164,500/500 Mbps,799,2025-07-01,,ACTIVE,3BB
S000165,C000165,1000/500 Mbps,499,2025-11-01,,ACTIVE,FBB
S000166,C000166,500/500 Mbps,999,2025-01-01,,ACTIVE,3BB
S000167,C000167,500/500 Mbps,799,2025-08-01,,ACTIVE,3BB
S000168,C000168,1000/500 Mbps,399,2025-04-01,,ACTIVE,FBB
S000169,C000169,1000/500 Mbps,499,2025-09-01,,ACTIVE,FBB
S000170,C000170,1000/1000 Mbps,799,2025-08-01,,ACTIVE,FBB
S000171,C000171,500/500 Mbps,799,2025-08-01,,ACTIVE,FBB
S000172,C000172,500/500 Mbps,999,2025-02-01,,ACTIVE,FBB
S000173,C000173,1000/1000 Mbps,599,2025-02-01,,ACTIVE,FBB
S000174,C000174,1000/500 Mbps,599,2025-11-01,,ACTIVE,FBB
S000175,C000175,1000/500 Mbps,999,2025-04-01,,ACTIVE,3BB
S000176,C000176,1000/1000 Mbps,799,2025-12-01,,ACTIVE,FBB
S000177,C000177,500/500 Mbps,399,2025-02-01,,ACTIVE,3BB
S000178,C000178,1000/500 Mbps,999,2025-06-01,,ACTIVE,3BB
S000179,C000179,500/500 Mbps,799,2025-12-01,,CHURN,FBB
S000180,C000180,1000/500 Mbps,399,2025-12-01,,ACTIVE,3BB
S000181,C000181,500/500 Mbps,799,2025-10-01,,ACTIVE,FBB
S000182,C000182,500/500 Mbps,599,2025-08-01,,ACTIVE,FBB
S000183,C000183,500/500 Mbps,799,2025-07-01,2025-12-01,CHURN,3BB
S000184,C000184,1000/1000 Mbps,499,2025-11-01,,ACTIVE,3BB
S000185,C000185,500/500 Mbps,999,2025-01-01,,ACTIVE,3BB
S000186,C000186,1000/1000 Mbps,499,2025-10-01,,ACTIVE,FBB
S000187,C000187,500/500 Mbps,799,2025-12-01,,ACTIVE,3BB
S000188,C000188,1000/500 Mbps,999,2025-09-01,,ACTIVE,FBB
S000189,C000189,1000/500 Mbps,599,2025-05-01,,ACTIVE,3BB
S000190,C000190,1000/500 Mbps,999,2025-03-01,2025-12-01,CHURN,3BB
S000191,C000191,1000/1000 Mbps,499,2025-12-01,,ACTIVE,FBB
S000192,C000192,1000/500 Mbps,599,2025-04-01,,ACTIVE,FBB
S000193,C000193,500/500 Mbps,999,2025-12-01,,ACTIVE,3BB
S000194,C000194,1000/500 Mbps,999,2025-12-01,,CHURN,3BB
S000195,C000195,1000/1000 Mbps,799,2025-10-01,,ACTIVE,3BB
S000196,C000196,1000/1000 Mbps,399,2025-07-01,,ACTIVE,FBB
S000197,C000197,500/500 Mbps,599,2025-07-01,2025-08-01,CHURN,FBB
S000198,C000198,500/500 Mbps,399,2025-05-01,,ACTIVE,3BB
S000199,C000199,500/500 Mbps,599,2025-04-01,,ACTIVE,3BB
S000200,C000200,1000/1000 Mbps,999,2025-02-01,,ACTIVE,FBB
S000201,C000201,1000/500 Mbps,499,2025-12-01,,ACTIVE,3BB
S000202,C000202,1000/500 Mbps,799,2025-12-01,,ACTIVE,3BB
S000203,C000203,1000/1000 Mbps,399,2025-11-01,,ACTIVE,FBB
S000204,C000204,1000/1000 Mbps,799,2025-12-01,,ACTIVE,FBB
S000205,C000205,1000/1000 Mbps,599,2025-11-01,,ACTIVE,FBB
S000206,C000206,1000/500 Mbps,799,2025-12-01,,ACTIVE,FBB
S000207,C000207,1000/1000 Mbps,999,2025-11-01,2025-12-01,CHURN,FBB
S000208,C000208,1000/1000 Mbps,599,2025-07-01,2025-10-01,CHURN,FBB
S000209,C000209,1000/500 Mbps,399,2025-03-01,,ACTIVE,3BB
S000210,C000210,500/500 Mbps,399,2025-08-01,,ACTIVE,FBB
S000211,C000211,1000/1000 Mbps,999,2025-06-01,,ACTIVE,3BB
S000212,C000212,1000/1000 Mbps,599,2025-08-01,,ACTIVE,FBB
S000213,C000213,500/500 Mbps,499,2025-12-01,,ACTIVE,FBB
S000214,C000214,1000/1000 Mbps,799,2025-09-01,2025-12-01,CHURN,FBB
S000215,C000215,500/500 Mbps,599,2025-06-01,,ACTIVE,3BB
S000216,C000216,1000/1000 Mbps,999,2025-06-01,,ACTIVE,3BB
S000217,C000217,1000/1000 Mbps,399,2025-09-01,,ACTIVE,FBB
S000218,C000218,500/500 Mbps,999,2025-11-01,,ACTIVE,FBB
S000219,C000219,1000/500 Mbps,799,2025-01-01,,ACTIVE,FBB
S000220,C000220,1000/1000 Mbps,599,2025-07-01,,ACTIVE,FBB
S000221,C000221,1000/500 Mbps,999,2025-09-01,,ACTIVE,3BB
S000222,C000222,1000/500 Mbps,999,2025-08-01,2025-10-01,CHURN,FBB
S000223,C000223,1000/1000 Mbps,399,2025-02-01,2025-11-01,CHURN,FBB
S000224,C000224,500/500 Mbps,799,2025-04-01,,ACTIVE,FBB
S000225,C000225,1000/1000 Mbps,799,2025-04-01,,ACTIVE,FBB
S000226,C000226,500/500 Mbps,799,2025-12-01,,ACTIVE,3BB
S000227,C000227,500/500 Mbps,599,2025-01-01,2025-02-01,CHURN,FBB
S000228,C000228,1000/500 Mbps,799,2025-10-01,,ACTIVE,3BB
S000229,C000229,1000/500 Mbps,599,2025-08-01,,ACTIVE,FBB
S000230,C000230,1000/1000 Mbps,399,2025-07-01,,ACTIVE,FBB
S000231,C000231,1000/1000 Mbps,399,2025-12-01,,ACTIVE,3BB
S000232,C000232,1000/500 Mbps,999,2025-09-01,2025-12-01,CHURN,FBB
S000233,C000233,1000/500 Mbps,799,2025-05-01,,ACTIVE,3BB
S000234,C000234,1000/1000 Mbps,499,2025-11-01,2025-12-01,CHURN,FBB
S000235,C000235,1000/1000 Mbps,599,2025-12-01,,ACTIVE,FBB
S000236,C000236,1000/1000 Mbps,599,2025-05-01,,ACTIVE,FBB
S000237,C000237,500/500 Mbps,399,2025-09-01,,ACTIVE,FBB
S000238,C000238,1000/500 Mbps,999,2025-01-01,,ACTIVE,FBB
S000239,C000239,1000/1000 Mbps,599,2025-05-01,,ACTIVE,FBB
S000240,C000240,1000/1000 Mbps,499,2025-07-01,,ACTIVE,FBB
S000241,C000241,1000/500 Mbps,499,2025-03-01,,ACTIVE,FBB
S000242,C000242,1000/1000 Mbps,399,2025-03-01,,ACTIVE,3BB
S000243,C000243,1000/500 Mbps,399,2025-11-01,,ACTIVE,3BB
S000244,C000244,1000/1000 Mbps,799,2025-02-01,,ACTIVE,3BB
S000245,C000245,500/500 Mbps,399,2025-06-01,2025-12-01,CHURN,3BB
S000246,C000246,1000/500 Mbps,799,2025-10-01,2025-11-01,CHURN,3BB
S000247,C000247,1000/500 Mbps,999,2025-06-01,,ACTIVE,FBB
S000248,C000248,1000/500 Mbps,799,2025-10-01,,ACTIVE,FBB
S000249,C000249,500/500 Mbps,799,2025-01-01,,ACTIVE,3BB
S000250,C000250,1000/500 Mbps,799,2025-06-01,2025-12-01,CHURN,3BB
S000251,C000251,1000/500 Mbps,799,2025-08-01,,ACTIVE,FBB
S000252,C000252,500/500 Mbps,599,2025-03-01,,ACTIVE,FBB
S000253,C000253,1000/1000 Mbps,399,2025-09-01,,ACTIVE,FBB
S000254,C000254,1000/1000 Mbps,399,2025-01-01,,ACTIVE,3BB
S000255,C000255,500/500 Mbps,999,2025-10-01,,ACTIVE,3BB
S000256,C000256,1000/1000 Mbps,799,2025-09-01,,ACTIVE,FBB
S000257,C000257,1000/1000 Mbps,599,2025-06-01,,ACTIVE,FBB
S000258,C000258,500/500 Mbps,799,2025-08-01,,ACTIVE,3BB
S000259,C000259,1000/1000 Mbps,499,2025-09-01,2025-10-01,CHURN,FBB
S000260,C000260,1000/1000 Mbps,799,2025-08-01,2025-10-01,CHURN,3BB
S000261,C000261,1000/500 Mbps,499,2025-01-01,,ACTIVE,FBB
S000262,C000262,500/500 Mbps,499,2025-05-01,,ACTIVE,3BB
S000263,C000263,1000/500 Mbps,399,2025-07-01,,ACTIVE,FBB
S000264,C000264,1000/1000 Mbps,999,2025-11-01,,ACTIVE,3BB
S000265,C000265,1000/1000 Mbps,999,2025-12-01,,ACTIVE,FBB
S000266,C000266,1000/500 Mbps,999,2025-07-01,,ACTIVE,FBB
S000267,C000267,500/500 Mbps,999,2025-09-01,,ACTIVE,3BB
S000268,C000268,1000/500 Mbps,799,2025-06-01,,ACTIVE,3BB
S000269,C000269,1000/500 Mbps,499,2025-10-01,2025-11-01,CHURN,FBB
S000270,C000270,1000/500 Mbps,499,2025-02-01,,ACTIVE,FBB
S000271,C000271,1000/1000 Mbps,499,2025-03-01,2025-05-01,CHURN,3BB
S000272,C000272,1000/500 Mbps,799,2025-06-01,,ACTIVE,3BB
S000273,C000273,1000/1000 Mbps,799,2025-04-01,,ACTIVE,FBB
S000274,C000274,500/500 Mbps,999,2025-04-01,2025-07-01,CHURN,FBB
S000275,C000275,1000/500 Mbps,499,2025-10-01,2025-11-01,CHURN,3BB
S000276,C000276,1000/1000 Mbps,399,2025-10-01,,ACTIVE,3BB
S000277,C000277,1000/1000 Mbps,799,2025-02-01,,ACTIVE,3BB
S000278,C000278,1000/500 Mbps,999,2025-03-01,,ACTIVE,FBB
S000279,C000279,500/500 Mbps,999,2025-10-01,,ACTIVE,3BB
S000280,C000280,1000/500 Mbps,799,2025-03-01,,ACTIVE,FBB
S000281,C000281,500/500 Mbps,399,2025-04-01,,ACTIVE,FBB
S000282,C000282,1000/1000 Mbps,799,2025-04-01,,ACTIVE,FBB
S000283,C000283,1000/1000 Mbps,999,2025-10-01,2025-12-01,CHURN,FBB
S000284,C000284,500/500 Mbps,399,2025-09-01,,ACTIVE,3BB
S000285,C000285,1000/1000 Mbps,799,2025-11-01,2025-12-01,CHURN,3BB
S000286,C000286,1000/1000 Mbps,999,2025-06-01,,ACTIVE,3BB
S000287,C000287,1000/500 Mbps,799,2025-04-01,,ACTIVE,3BB
S000288,C000288,1000/1000 Mbps,999,2025-10-01,,ACTIVE,FBB
S000289,C000289,500/500 Mbps,399,2025-07-01,2025-11-01,CHURN,3BB
S000290,C000290,1000/500 Mbps,599,2025-10-01,,ACTIVE,FBB
S000291,C000291,500/500 Mbps,999,2025-01-01,,ACTIVE,FBB
S000292,C000292,500/500 Mbps,599,2025-09-01,2025-12-01,CHURN,3BB
S000293,C000293,1000/1000 Mbps,999,2025-06-01,2025-10-01,CHURN,3BB
S000294,C000294,1000/500 Mbps,999,2025-05-01,,ACTIVE,3BB
S000295,C000295,1000/1000 Mbps,799,2025-10-01,,ACTIVE,FBB
S000296,C000296,1000/1000 Mbps,799,2025-07-01,,ACTIVE,FBB
S000297,C000297,1000/500 Mbps,599,2025-06-01,,ACTIVE,3BB
S000298,C000298,1000/1000 Mbps,799,2025-10-01,,ACTIVE,FBB
S000299,C000299,1000/500 Mbps,499,2025-11-01,2025-12-01,CHURN,FBB
S000300,C000300,1000/500 Mbps,999,2025-04-01,,ACTIVE,FBB
S000301,C000301,1000/1000 Mbps,399,2025-03-01,,ACTIVE,FBB
S000302,C000302,1000/1000 Mbps,799,2025-03-01,,ACTIVE,FBB
S000303,C000303,1000/500 Mbps,399,2025-02-01,,ACTIVE,FBB
S000304,C000304,1000/500 Mbps,999,2025-12-01,,ACTIVE,3BB
S000305,C000305,500/500 Mbps,499,2025-12-01,,ACTIVE,3BB
S000306,C000306,500/500 Mbps,399,2025-08-01,2025-11-01,CHURN,FBB
S000307,C000307,1000/500 Mbps,499,2025-10-01,2025-11-01,CHURN,FBB
S000308,C000308,1000/500 Mbps,599,2025-03-01,2025-08-01,CHURN,3BB
S000309,C000309,1000/1000 Mbps,399,2025-07-01,,ACTIVE,FBB
S000310,C000310,1000/1000 Mbps,999,2025-02-01,,ACTIVE,3BB
S000311,C000311,1000/500 Mbps,499,2025-06-01,,ACTIVE,FBB
S000312,C000312,1000/1000 Mbps,399,2025-08-01,,ACTIVE,3BB
S000313,C000313,500/500 Mbps,999,2025-03-01,,ACTIVE,FBB
S000314,C000314,500/500 Mbps,999,2025-09-01,,ACTIVE,3BB
S000315,C000315,1000/1000 Mbps,599,2025-09-01,,ACTIVE,3BB
S000316,C000316,500/500 Mbps,599,2025-07-01,,ACTIVE,3BB
S000317,C000317,1000/1000 Mbps,399,2025-11-01,,ACTIVE,3BB
S000318,C000318,1000/500 Mbps,499,2025-02-01,,ACTIVE,FBB
S000319,C000319,1000/500 Mbps,999,2025-06-01,,ACTIVE,FBB
S000320,C000320,500/500 Mbps,599,2025-12-01,,ACTIVE,FBB
S000321,C000321,1000/500 Mbps,399,2025-07-01,,ACTIVE,FBB
S000322,C000322,500/500 Mbps,999,2025-08-01,,ACTIVE,3BB
S000323,C000323,1000/1000 Mbps,499,2025-03-01,,ACTIVE,3BB
S000324,C000324,1000/1000 Mbps,499,2025-12-01,,ACTIVE,3BB
S000325,C000325,500/500 Mbps,999,2025-04-01,,ACTIVE,3BB
S000326,C000326,500/500 Mbps,399,2025-03-01,,ACTIVE,3BB
S000327,C000327,1000/500 Mbps,599,2025-10-01,2025-11-01,CHURN,3BB
S000328,C000328,1000/1000 Mbps,599,2025-08-01,,ACTIVE,3BB
S000329,C000329,1000/1000 Mbps,599,2025-03-01,,ACTIVE,3BB
S000330,C000330,500/500 Mbps,399,2025-04-01,,ACTIVE,3BB
S000331,C000331,500/500 Mbps,999,2025-08-01,,ACTIVE,3BB
S000332,C000332,500/500 Mbps,799,2025-07-01,,ACTIVE,FBB
S000333,C000333,1000/500 Mbps,399,2025-12-01,,ACTIVE,FBB
S000334,C000334,1000/1000 Mbps,399,2025-11-01,,ACTIVE,3BB
S000335,C000335,1000/500 Mbps,499,2025-06-01,,ACTIVE,3BB
S000336,C000336,1000/1000 Mbps,599,2025-04-01,,ACTIVE,3BB
S000337,C000337,500/500 Mbps,799,2025-03-01,,ACTIVE,3BB
S000338,C000338,1000/500 Mbps,799,2025-06-01,,ACTIVE,FBB
S000339,C000339,500/500 Mbps,599,2025-10-01,2025-11-01,CHURN,FBB
S000340,C000340,1000/500 Mbps,499,2025-09-01,,ACTIVE,FBB
S000341,C000341,500/500 Mbps,499,2025-12-01,,CHURN,3BB
S000342,C000342,1000/500 Mbps,599,2025-08-01,2025-11-01,CHURN,3BB
S000343,C000343,500/500 Mbps,799,2025-09-01,,ACTIVE,FBB
S000344,C000344,500/500 Mbps,599,2025-12-01,,CHURN,3BB
S000345,C000345,1000/500 Mbps,599,2025-11-01,2025-12-01,CHURN,3BB
S000346,C000346,1000/500 Mbps,599,2025-09-01,,ACTIVE,FBB
S000347,C000347,500/500 Mbps,999,2025-07-01,2025-12-01,CHURN,FBB
S000348,C000348,1000/1000 Mbps,999,2025-05-01,,ACTIVE,3BB
S000349,C000349,500/500 Mbps,799,2025-12-01,,ACTIVE,3BB
S000350,C000350,500/500 Mbps,499,2025-08-01,,ACTIVE,3BB
S000351,C000351,1000/1000 Mbps,799,2025-07-01,,ACTIVE,FBB
S000352,C000352,1000/500 Mbps,599,2025-02-01,2025-06-01,CHURN,3BB
S000353,C000353,1000/1000 Mbps,799,2025-12-01,,ACTIVE,3BB
S000354,C000354,1000/500 Mbps,999,2025-08-01,,ACTIVE,3BB
S000355,C000355,500/500 Mbps,499,2025-07-01,2025-08-01,CHURN,3BB
S000356,C000356,500/500 Mbps,499,2025-12-01,,ACTIVE,FBB
S000357,C000357,1000/500 Mbps,999,2025-07-01,2025-08-01,CHURN,FBB
S000358,C000358,1000/1000 Mbps,399,2025-01-01,,ACTIVE,FBB
S000359,C000359,500/500 Mbps,799,2025-05-01,,ACTIVE,3BB
S000360,C000360,1000/500 Mbps,799,2025-04-01,,ACTIVE,FBB
S000361,C000361,500/500 Mbps,399,2025-03-01,,ACTIVE,FBB
S000362,C000362,1000/500 Mbps,799,2025-11-01,,ACTIVE,3BB
S000363,C000363,1000/1000 Mbps,799,2025-09-01,,ACTIVE,FBB
S000364,C000364,1000/1000 Mbps,999,2025-12-01,,ACTIVE,3BB
S000365,C000365,1000/1000 Mbps,799,2025-11-01,,ACTIVE,3BB
S000366,C000366,500/500 Mbps,399,2025-06-01,,ACTIVE,3BB
S000367,C000367,1000/500 Mbps,499,2025-05-01,,ACTIVE,3BB
S000368,C000368,1000/500 Mbps,599,2025-01-01,2025-04-01,CHURN,3BB
S000369,C000369,1000/500 Mbps,599,2025-09-01,2025-11-01,CHURN,FBB
S000370,C000370,1000/1000 Mbps,499,2025-07-01,,ACTIVE,FBB
S000371,C000371,1000/500 Mbps,999,2025-09-01,,ACTIVE,3BB
S000372,C000372,1000/1000 Mbps,799,2025-07-01,,ACTIVE,3BB
S000373,C000373,1000/500 Mbps,499,2025-04-01,,ACTIVE,3BB
S000374,C000374,1000/1000 Mbps,599,2025-05-01,,ACTIVE,3BB
S000375,C000375,500/500 Mbps,499,2025-04-01,,ACTIVE,3BB
S000376,C000376,1000/1000 Mbps,799,2025-02-01,,ACTIVE,3BB
S000377,C000377,500/500 Mbps,599,2025-12-01,,ACTIVE,FBB
S000378,C000378,500/500 Mbps,499,2025-03-01,2025-12-01,CHURN,FBB
S000379,C000379,1000/1000 Mbps,799,2025-05-01,,ACTIVE,FBB
S000380,C000380,1000/500 Mbps,499,2025-04-01,2025-05-01,CHURN,3BB
S000381,C000381,1000/500 Mbps,599,2025-07-01,,ACTIVE,3BB
S000382,C000382,1000/500 Mbps,399,2025-12-01,,ACTIVE,FBB
S000383,C000383,1000/500 Mbps,399,2025-01-01,,ACTIVE,3BB
S000384,C000384,1000/500 Mbps,799,2025-03-01,,ACTIVE,FBB
S000385,C000385,1000/1000 Mbps,499,2025-02-01,,ACTIVE,3BB
S000386,C000386,500/500 Mbps,499,2025-08-01,,ACTIVE,3BB
S000387,C000387,1000/1000 Mbps,499,2025-12-01,,ACTIVE,3BB
S000388,C000388,1000/500 Mbps,599,2025-07-01,,ACTIVE,FBB
S000389,C000389,1000/1000 Mbps,999,2025-11-01,,ACTIVE,FBB
S000390,C000390,1000/500 Mbps,499,2025-05-01,,ACTIVE,3BB
S000391,C000391,500/500 Mbps,399,2025-01-01,,ACTIVE,FBB
S000392,C000392,500/500 Mbps,499,2025-11-01,,ACTIVE,3BB
S000393,C000393,500/500 Mbps,399,2025-10-01,2025-11-01,CHURN,3BB
S000394,C000394,1000/500 Mbps,399,2025-12-01,,ACTIVE,FBB
S000395,C000395,1000/1000 Mbps,999,2025-03-01,,ACTIVE,3BB
S000396,C000396,1000/1000 Mbps,499,2025-11-01,2025-12-01,CHURN,FBB
S000397,C000397,1000/500 Mbps,999,2025-03-01,,ACTIVE,3BB
S000398,C000398,500/500 Mbps,799,2025-08-01,,ACTIVE,3BB
S000399,C000399,500/500 Mbps,799,2025-12-01,,CHURN,3BB
S000400,C000400,1000/1000 Mbps,799,2025-09-01,,ACTIVE,FBB
S000401,C000401,1000/500 Mbps,599,2025-10-01,,ACTIVE,3BB
S000402,C000402,1000/1000 Mbps,999,2025-05-01,,ACTIVE,FBB
S000403,C000403,1000/500 Mbps,599,2025-02-01,,ACTIVE,3BB
S000404,C000404,500/500 Mbps,999,2025-09-01,,ACTIVE,3BB
S000405,C000405,500/500 Mbps,999,2025-12-01,,ACTIVE,3BB
S000406,C000406,1000/1000 Mbps,399,2025-10-01,,ACTIVE,3BB
S000407,C000407,1000/500 Mbps,999,2025-04-01,,ACTIVE,FBB
S000408,C000408,1000/500 Mbps,599,2025-10-01,,ACTIVE,FBB
S000409,C000409,500/500 Mbps,399,2025-02-01,,ACTIVE,FBB
S000410,C000410,500/500 Mbps,399,2025-03-01,,ACTIVE,3BB
S000411,C000411,1000/1000 Mbps,799,2025-04-01,2025-11-01,CHURN,3BB
S000412,C000412,1000/1000 Mbps,399,2025-01-01,,ACTIVE,FBB
S000413,C000413,500/500 Mbps,799,2025-04-01,,ACTIVE,FBB
S000414,C000414,1000/500 Mbps,599,2025-06-01,,ACTIVE,FBB
S000415,C000415,500/500 Mbps,399,2025-10-01,,ACTIVE,3BB
S000416,C000416,1000/1000 Mbps,399,2025-02-01,,ACTIVE,FBB
S000417,C000417,1000/500 Mbps,499,2025-12-01,,ACTIVE,FBB
S000418,C000418,1000/1000 Mbps,499,2025-09-01,,ACTIVE,3BB
S000419,C000419,1000/1000 Mbps,999,2025-12-01,,CHURN,3BB
S000420,C000420,1000/1000 Mbps,799,2025-11-01,,ACTIVE,FBB
S000421,C000421,1000/1000 Mbps,799,2025-03-01,,ACTIVE,3BB
S000422,C000422,1000/500 Mbps,599,2025-11-01,2025-12-01,CHURN,3BB
S000423,C000423,1000/1000 Mbps,799,2025-06-01,,ACTIVE,3BB
S000424,C000424,1000/1000 Mbps,499,2025-10-01,,ACTIVE,3BB
S000425,C000425,1000/500 Mbps,599,2025-09-01,,ACTIVE,3BB
S000426,C000426,500/500 Mbps,399,2025-08-01,,ACTIVE,3BB
S000427,C000427,1000/500 Mbps,399,2025-10-01,2025-11-01,CHURN,3BB
S000428,C000428,1000/500 Mbps,399,2025-04-01,,ACTIVE,3BB
S000429,C000429,1000/1000 Mbps,999,2025-09-01,,ACTIVE,FBB
S000430,C000430,500/500 Mbps,499,2025-02-01,2025-08-01,CHURN,3BB
S000431,C000431,500/500 Mbps,499,2025-06-01,,ACTIVE,3BB
S000432,C000432,1000/1000 Mbps,499,2025-05-01,2025-09-01,CHURN,FBB
S000433,C000433,1000/500 Mbps,499,2025-12-01,,ACTIVE,3BB
S000434,C000434,500/500 Mbps,999,2025-12-01,,ACTIVE,3BB
S000435,C000435,1000/1000 Mbps,799,2025-01-01,,ACTIVE,FBB
S000436,C000436,1000/500 Mbps,599,2025-01-01,,ACTIVE,3BB
S000437,C000437,500/500 Mbps,499,2025-07-01,,ACTIVE,FBB
S000438,C000438,1000/500 Mbps,399,2025-11-01,,ACTIVE,3BB
S000439,C000439,1000/1000 Mbps,499,2025-09-01,2025-12-01,CHURN,3BB
S000440,C000440,500/500 Mbps,399,2025-09-01,,ACTIVE,3BB
S000441,C000441,1000/1000 Mbps,999,2025-08-01,,ACTIVE,FBB
S000442,C000442,1000/500 Mbps,499,2025-04-01,,ACTIVE,FBB
S000443,C000443,1000/1000 Mbps,399,2025-06-01,2025-11-01,CHURN,3BB
S000444,C000444,1000/500 Mbps,499,2025-05-01,2025-10-01,CHURN,FBB
S000445,C000445,1000/500 Mbps,799,2025-08-01,,ACTIVE,FBB
S000446,C000446,1000/1000 Mbps,999,2025-09-01,,ACTIVE,FBB
S000447,C000447,1000/500 Mbps,999,2025-04-01,2025-11-01,CHURN,FBB
S000448,C000448,1000/500 Mbps,599,2025-02-01,,ACTIVE,3BB
S000449,C000449,1000/1000 Mbps,399,2025-04-01,,ACTIVE,3BB
S000450,C000450,1000/1000 Mbps,799,2025-03-01,,ACTIVE,FBB
S000451,C000451,500/500 Mbps,599,2025-08-01,2025-10-01,CHURN,FBB
S000452,C000452,500/500 Mbps,399,2025-12-01,,ACTIVE,FBB
S000453,C000453,1000/500 Mbps,399,2025-10-01,,ACTIVE,3BB
S000454,C000454,1000/500 Mbps,799,2025-12-01,,ACTIVE,3BB
S000455,C000455,1000/1000 Mbps,999,2025-01-01,,ACTIVE,FBB
S000456,C000456,1000/500 Mbps,999,2025-04-01,,ACTIVE,3BB
S000457,C000457,500/500 Mbps,399,2025-10-01,,ACTIVE,3BB
S000458,C000458,1000/1000 Mbps,399,2025-10-01,,ACTIVE,3BB
S000459,C000459,1000/1000 Mbps,999,2025-03-01,2025-07-01,CHURN,3BB
S000460,C000460,500/500 Mbps,399,2025-01-01,,ACTIVE,3BB
S000461,C000461,1000/1000 Mbps,599,2025-11-01,,ACTIVE,FBB
S000462,C000462,1000/1000 Mbps,799,2025-01-01,,ACTIVE,FBB
S000463,C000463,1000/1000 Mbps,399,2025-07-01,,ACTIVE,3BB
S000464,C000464,1000/1000 Mbps,399,2025-08-01,,ACTIVE,FBB
S000465,C000465,1000/500 Mbps,999,2025-04-01,,ACTIVE,FBB
S000466,C000466,1000/1000 Mbps,599,2025-01-01,,ACTIVE,3BB
S000467,C000467,500/500 Mbps,399,2025-08-01,,ACTIVE,3BB
S000468,C000468,1000/1000 Mbps,599,2025-11-01,,ACTIVE,FBB
S000469,C000469,500/500 Mbps,599,2025-09-01,,ACTIVE,3BB
S000470,C000470,1000/500 Mbps,499,2025-01-01,,ACTIVE,FBB
S000471,C000471,1000/1000 Mbps,499,2025-06-01,,ACTIVE,FBB
S000472,C000472,1000/1000 Mbps,999,2025-12-01,,ACTIVE,FBB
S000473,C000473,500/500 Mbps,799,2025-07-01,,ACTIVE,3BB
S000474,C000474,1000/1000 Mbps,499,2025-10-01,,ACTIVE,FBB
S000475,C000475,500/500 Mbps,599,2025-11-01,2025-12-01,CHURN,FBB
S000476,C000476,500/500 Mbps,999,2025-07-01,,ACTIVE,FBB
S000477,C000477,1000/1000 Mbps,399,2025-06-01,2025-11-01,CHURN,FBB
S000478,C000478,500/500 Mbps,399,2025-06-01,,ACTIVE,3BB
S000479,C000479,1000/500 Mbps,799,2025-07-01,,ACTIVE,3BB
S000480,C000480,500/500 Mbps,499,2025-03-01,,ACTIVE,FBB
S000481,C000481,1000/1000 Mbps,999,2025-01-01,,ACTIVE,3BB
S000482,C000482,500/500 Mbps,999,2025-10-01,,ACTIVE,FBB
S000483,C000483,1000/500 Mbps,399,2025-04-01,,ACTIVE,3BB
S000484,C000484,1000/1000 Mbps,799,2025-03-01,,ACTIVE,3BB
S000485,C000485,1000/500 Mbps,799,2025-03-01,,ACTIVE,FBB
S000486,C000486,500/500 Mbps,799,2025-03-01,,ACTIVE,FBB
S000487,C000487,500/500 Mbps,499,2025-05-01,,ACTIVE,FBB
S000488,C000488,1000/1000 Mbps,799,2025-02-01,2025-10-01,CHURN,3BB
S000489,C000489,1000/500 Mbps,799,2025-08-01,,ACTIVE,FBB
S000490,C000490,1000/500 Mbps,599,2025-10-01,,ACTIVE,3BB
S000491,C000491,1000/1000 Mbps,999,2025-10-01,,ACTIVE,FBB
S000492,C000492,500/500 Mbps,499,2025-09-01,2025-11-01,CHURN,3BB
S000493,C000493,1000/500 Mbps,999,2025-12-01,,CHURN,FBB
S000494,C000494,1000/500 Mbps,599,2025-04-01,,ACTIVE,3BB
S000495,C000495,1000/1000 Mbps,399,2025-08-01,2025-11-01,CHURN,FBB
S000496,C000496,1000/500 Mbps,399,2025-08-01,,ACTIVE,FBB
S000497,C000497,1000/1000 Mbps,999,2025-03-01,,ACTIVE,FBB
S000498,C000498,1000/500 Mbps,399,2025-07-01,,ACTIVE,FBB
S000499,C000499,1000/1000 Mbps,499,2025-08-01,,ACTIVE,3BB
S000500,C000500,1000/1000 Mbps,499,2025-02-01,,ACTIVE,FBB
S000501,C000501,1000/1000 Mbps,599,2025-02-01,2025-10-01,CHURN,FBB
S000502,C000502,1000/1000 Mbps,999,2025-09-01,,ACTIVE,FBB
S000503,C000503,500/500 Mbps,499,2025-07-01,,ACTIVE,3BB
S000504,C000504,500/500 Mbps,499,2025-10-01,,ACTIVE,FBB
S000505,C000505,500/500 Mbps,799,2025-03-01,,ACTIVE,3BB
S000506,C000506,1000/500 Mbps,599,2025-05-01,,ACTIVE,FBB
S000507,C000507,500/500 Mbps,399,2025-02-01,,ACTIVE,3BB
S000508,C000508,1000/500 Mbps,999,2025-01-01,,ACTIVE,FBB
S000509,C000509,500/500 Mbps,499,2025-10-01,,ACTIVE,3BB
S000510,C000510,500/500 Mbps,999,2025-08-01,,ACTIVE,FBB
S000511,C000511,1000/500 Mbps,999,2025-04-01,,ACTIVE,FBB
S000512,C000512,500/500 Mbps,599,2025-01-01,,ACTIVE,FBB
S000513,C000513,1000/1000 Mbps,999,2025-03-01,,ACTIVE,3BB
S000514,C000514,500/500 Mbps,399,2025-06-01,,ACTIVE,3BB
S000515,C000515,1000/1000 Mbps,999,2025-03-01,2025-08-01,CHURN,FBB
S000516,C000516,1000/500 Mbps,399,2025-08-01,,ACTIVE,FBB
S000517,C000517,1000/500 Mbps,399,2025-05-01,,ACTIVE,3BB
S000518,C000518,500/500 Mbps,399,2025-09-01,2025-11-01,CHURN,3BB
S000519,C000519,1000/1000 Mbps,499,2025-06-01,,ACTIVE,FBB
S000520,C000520,1000/500 Mbps,999,2025-10-01,2025-11-01,CHURN,3BB
S000521,C000521,1000/500 Mbps,599,2025-07-01,,ACTIVE,3BB
S000522,C000522,1000/500 Mbps,999,2025-03-01,,ACTIVE,3BB
S000523,C000523,1000/1000 Mbps,499,2025-08-01,,ACTIVE,3BB
S000524,C000524,1000/500 Mbps,399,2025-04-01,2025-05-01,CHURN,FBB
S000525,C000525,1000/500 Mbps,399,2025-10-01,,ACTIVE,3BB
S000526,C000526,1000/1000 Mbps,499,2025-06-01,,ACTIVE,FBB
S000527,C000527,1000/500 Mbps,599,2025-11-01,,ACTIVE,FBB
S000528,C000528,1000/1000 Mbps,599,2025-05-01,,ACTIVE,FBB
S000529,C000529,1000/500 Mbps,799,2025-02-01,,ACTIVE,FBB
S000530,C000530,1000/500 Mbps,799,2025-03-01,,ACTIVE,3BB
S000531,C000531,1000/500 Mbps,499,2025-01-01,,ACTIVE,3BB
S000532,C000532,1000/500 Mbps,799,2025-09-01,,ACTIVE,FBB
S000533,C000533,1000/1000 Mbps,599,2025-09-01,,ACTIVE,FBB
S000534,C000534,1000/500 Mbps,599,2025-04-01,,ACTIVE,FBB
S000535,C000535,500/500 Mbps,599,2025-03-01,,ACTIVE,3BB
S000536,C000536,500/500 Mbps,999,2025-11-01,,ACTIVE,3BB
S000537,C000537,1000/500 Mbps,599,2025-03-01,,ACTIVE,FBB
S000538,C000538,1000/500 Mbps,499,2025-05-01,,ACTIVE,3BB
S000539,C000539,1000/500 Mbps,499,2025-08-01,,ACTIVE,3BB
S000540,C000540,500/500 Mbps,399,2025-03-01,2025-04-01,CHURN,3BB
S000541,C000541,1000/1000 Mbps,499,2025-09-01,2025-11-01,CHURN,FBB
S000542,C000542,1000/1000 Mbps,999,2025-06-01,,ACTIVE,3BB
S000543,C000543,1000/1000 Mbps,499,2025-06-01,2025-07-01,CHURN,FBB
S000544,C000544,1000/500 Mbps,999,2025-12-01,,CHURN,FBB
S000545,C000545,500/500 Mbps,999,2025-01-01,,ACTIVE,FBB
S000546,C000546,500/500 Mbps,399,2025-06-01,,ACTIVE,3BB
S000547,C000547,1000/500 Mbps,499,2025-01-01,,ACTIVE,3BB
S000548,C000548,1000/500 Mbps,999,2025-04-01,,ACTIVE,3BB
S000549,C000549,1000/500 Mbps,499,2025-08-01,,ACTIVE,FBB
S000550,C000550,1000/1000 Mbps,999,2025-05-01,2025-10-01,CHURN,FBB
S000551,C000551,1000/1000 Mbps,599,2025-04-01,,ACTIVE,3BB
S000552,C000552,1000/500 Mbps,999,2025-03-01,,ACTIVE,FBB
S000553,C000553,1000/1000 Mbps,799,2025-03-01,2025-09-01,CHURN,FBB
S000554,C000554,500/500 Mbps,799,2025-03-01,2025-04-01,CHURN,FBB
S000555,C000555,500/500 Mbps,999,2025-02-01,,ACTIVE,3BB
S000556,C000556,1000/500 Mbps,499,2025-10-01,,ACTIVE,FBB
S000557,C000557,500/500 Mbps,799,2025-08-01,,ACTIVE,FBB
S000558,C000558,1000/1000 Mbps,799,2025-08-01,,ACTIVE,3BB
S000559,C000559,500/500 Mbps,999,2025-04-01,,ACTIVE,3BB
S000560,C000560,1000/1000 Mbps,599,2025-06-01,,ACTIVE,3BB
S000561,C000561,500/500 Mbps,799,2025-08-01,,ACTIVE,FBB
S000562,C000562,500/500 Mbps,599,2025-06-01,,ACTIVE,3BB
S000563,C000563,1000/1000 Mbps,399,2025-10-01,,ACTIVE,3BB
S000564,C000564,1000/500 Mbps,999,2025-12-01,,ACTIVE,FBB
S000565,C000565,1000/500 Mbps,999,2025-05-01,,ACTIVE,3BB
S000566,C000566,1000/1000 Mbps,499,2025-04-01,,ACTIVE,3BB
S000567,C000567,1000/1000 Mbps,999,2025-07-01,2025-09-01,CHURN,3BB
S000568,C000568,1000/500 Mbps,999,2025-07-01,,ACTIVE,FBB
S000569,C000569,500/500 Mbps,999,2025-03-01,,ACTIVE,3BB
S000570,C000570,1000/500 Mbps,599,2025-02-01,,ACTIVE,FBB
S000571,C000571,500/500 Mbps,999,2025-08-01,2025-12-01,CHURN,FBB
S000572,C000572,1000/500 Mbps,599,2025-11-01,,ACTIVE,3BB
S000573,C000573,500/500 Mbps,499,2025-11-01,,ACTIVE,FBB
S000574,C000574,1000/1000 Mbps,399,2025-10-01,,ACTIVE,FBB
S000575,C000575,1000/500 Mbps,999,2025-11-01,2025-12-01,CHURN,3BB
S000576,C000576,1000/500 Mbps,599,2025-04-01,,ACTIVE,3BB
S000577,C000577,1000/500 Mbps,399,2025-07-01,,ACTIVE,FBB
S000578,C000578,1000/500 Mbps,499,2025-10-01,,ACTIVE,3BB
S000579,C000579,1000/1000 Mbps,399,2025-01-01,,ACTIVE,FBB
S000580,C000580,1000/500 Mbps,399,2025-12-01,,ACTIVE,3BB
S000581,C000581,1000/1000 Mbps,999,2025-01-01,,ACTIVE,3BB
S000582,C000582,1000/500 Mbps,799,2025-11-01,,ACTIVE,3BB
S000583,C000583,1000/1000 Mbps,499,2025-07-01,,ACTIVE,3BB
S000584,C000584,1000/500 Mbps,599,2025-03-01,,ACTIVE,3BB
S000585,C000585,1000/1000 Mbps,499,2025-03-01,,ACTIVE,FBB
S000586,C000586,500/500 Mbps,799,2025-01-01,2025-02-01,CHURN,3BB
S000587,C000587,1000/500 Mbps,999,2025-03-01,2025-10-01,CHURN,3BB
S000588,C000588,1000/1000 Mbps,799,2025-10-01,2025-12-01,CHURN,3BB
S000589,C000589,1000/500 Mbps,999,2025-06-01,,ACTIVE,FBB
S000590,C000590,1000/1000 Mbps,499,2025-10-01,,ACTIVE,3BB
S000591,C000591,1000/1000 Mbps,599,2025-07-01,,ACTIVE,FBB
S000592,C000592,1000/1000 Mbps,599,2025-01-01,,ACTIVE,FBB
S000593,C000593,1000/1000 Mbps,399,2025-10-01,,ACTIVE,FBB
S000594,C000594,1000/500 Mbps,799,2025-12-01,,ACTIVE,FBB
S000595,C000595,500/500 Mbps,499,2025-09-01,,ACTIVE,3BB
S000596,C000596,1000/1000 Mbps,399,2025-11-01,,ACTIVE,3BB
S000597,C000597,1000/1000 Mbps,399,2025-10-01,2025-12-01,CHURN,3BB
S000598,C000598,1000/500 Mbps,999,2025-08-01,,ACTIVE,3BB
S000599,C000599,1000/500 Mbps,599,2025-07-01,,ACTIVE,FBB
S000600,C000600,1000/1000 Mbps,599,2025-01-01,,ACTIVE,3BB
S000601,C000601,1000/1000 Mbps,499,2025-01-01,,ACTIVE,FBB
S000602,C000602,1000/1000 Mbps,999,2025-11-01,,ACTIVE,FBB
S000603,C000603,500/500 Mbps,999,2025-05-01,,ACTIVE,FBB
S000604,C000604,1000/1000 Mbps,599,2025-05-01,,ACTIVE,3BB
S000605,C000605,1000/1000 Mbps,499,2025-05-01,2025-06-01,CHURN,FBB
S000606,C000606,500/500 Mbps,599,2025-11-01,,ACTIVE,FBB
S000607,C000607,1000/1000 Mbps,399,2025-08-01,,ACTIVE,3BB
S000608,C000608,1000/1000 Mbps,499,2025-02-01,,ACTIVE,3BB
S000609,C000609,500/500 Mbps,799,2025-07-01,,ACTIVE,FBB
S000610,C000610,1000/500 Mbps,399,2025-04-01,,ACTIVE,3BB
S000611,C000611,1000/500 Mbps,799,2025-02-01,2025-10-01,CHURN,3BB
S000612,C000612,1000/1000 Mbps,499,2025-08-01,,ACTIVE,3BB
S000613,C000613,1000/500 Mbps,599,2025-11-01,,ACTIVE,FBB
S000614,C000614,500/500 Mbps,599,2025-09-01,,ACTIVE,3BB
S000615,C000615,1000/1000 Mbps,399,2025-07-01,,ACTIVE,FBB
S000616,C000616,1000/500 Mbps,999,2025-09-01,,ACTIVE,3BB
S000617,C000617,500/500 Mbps,599,2025-06-01,,ACTIVE,3BB
S000618,C000618,1000/1000 Mbps,499,2025-08-01,,ACTIVE,FBB
S000619,C000619,1000/1000 Mbps,499,2025-09-01,,ACTIVE,3BB
S000620,C000620,500/500 Mbps,399,2025-09-01,2025-10-01,CHURN,3BB
S000621,C000621,1000/1000 Mbps,799,2025-02-01,,ACTIVE,3BB
S000622,C000622,1000/500 Mbps,499,2025-04-01,,ACTIVE,FBB
S000623,C000623,500/500 Mbps,999,2025-01-01,,ACTIVE,FBB
S000624,C000624,1000/1000 Mbps,399,2025-10-01,,ACTIVE,FBB
S000625,C000625,500/500 Mbps,499,2025-10-01,2025-11-01,CHURN,3BB
S000626,C000626,500/500 Mbps,799,2025-05-01,,ACTIVE,3BB
S000627,C000627,1000/1000 Mbps,599,2025-07-01,,ACTIVE,3BB
S000628,C000628,1000/500 Mbps,399,2025-03-01,,ACTIVE,3BB
S000629,C000629,500/500 Mbps,599,2025-07-01,,ACTIVE,3BB
S000630,C000630,1000/500 Mbps,499,2025-03-01,,ACTIVE,3BB
S000631,C000631,500/500 Mbps,499,2025-03-01,,ACTIVE,3BB
S000632,C000632,500/500 Mbps,799,2025-04-01,,ACTIVE,3BB
S000633,C000633,1000/1000 Mbps,599,2025-02-01,2025-04-01,CHURN,3BB
S000634,C000634,500/500 Mbps,399,2025-01-01,,ACTIVE,FBB
S000635,C000635,500/500 Mbps,599,2025-11-01,,ACTIVE,3BB
S000636,C000636,1000/500 Mbps,799,2025-10-01,2025-12-01,CHURN,3BB
S000637,C000637,500/500 Mbps,999,2025-12-01,,ACTIVE,FBB
S000638,C000638,1000/1000 Mbps,799,2025-01-01,,ACTIVE,FBB
S000639,C000639,1000/500 Mbps,599,2025-10-01,,ACTIVE,3BB
S000640,C000640,1000/500 Mbps,999,2025-07-01,2025-08-01,CHURN,3BB
S000641,C000641,1000/500 Mbps,499,2025-02-01,,ACTIVE,FBB
S000642,C000642,1000/1000 Mbps,499,2025-09-01,2025-11-01,CHURN,3BB
S000643,C000643,500/500 Mbps,599,2025-12-01,,ACTIVE,3BB
S000644,C000644,1000/500 Mbps,499,2025-02-01,,ACTIVE,FBB
S000645,C000645,1000/1000 Mbps,999,2025-01-01,,ACTIVE,FBB
S000646,C000646,1000/1000 Mbps,599,2025-08-01,,ACTIVE,3BB
S000647,C000647,1000/500 Mbps,399,2025-09-01,,ACTIVE,FBB
S000648,C000648,500/500 Mbps,799,2025-06-01,2025-12-01,CHURN,FBB
S000649,C000649,1000/1000 Mbps,999,2025-04-01,,ACTIVE,3BB
S000650,C000650,1000/1000 Mbps,499,2025-11-01,,ACTIVE,FBB
S000651,C000651,1000/500 Mbps,399,2025-02-01,2025-05-01,CHURN,3BB
S000652,C000652,500/500 Mbps,499,2025-10-01,2025-11-01,CHURN,FBB
S000653,C000653,500/500 Mbps,799,2025-05-01,,ACTIVE,FBB
S000654,C000654,500/500 Mbps,799,2025-10-01,2025-11-01,CHURN,FBB
S000655,C000655,1000/500 Mbps,599,2025-02-01,,ACTIVE,3BB
S000656,C000656,1000/1000 Mbps,999,2025-06-01,2025-12-01,CHURN,FBB
S000657,C000657,500/500 Mbps,399,2025-06-01,,ACTIVE,FBB
S000658,C000658,500/500 Mbps,799,2025-06-01,2025-09-01,CHURN,FBB
S000659,C000659,500/500 Mbps,799,2025-12-01,,ACTIVE,FBB
S000660,C000660,1000/1000 Mbps,999,2025-10-01,2025-11-01,CHURN,3BB
S000661,C000661,500/500 Mbps,399,2025-03-01,2025-11-01,CHURN,FBB
S000662,C000662,1000/1000 Mbps,999,2025-03-01,,ACTIVE,3BB
S000663,C000663,1000/500 Mbps,499,2025-07-01,,ACTIVE,FBB
S000664,C000664,1000/1000 Mbps,799,2025-03-01,,ACTIVE,3BB
S000665,C000665,1000/1000 Mbps,399,2025-04-01,,ACTIVE,FBB
S000666,C000666,500/500 Mbps,599,2025-12-01,,ACTIVE,3BB
S000667,C000667,500/500 Mbps,399,2025-07-01,2025-09-01,CHURN,FBB
S000668,C000668,1000/1000 Mbps,999,2025-10-01,,ACTIVE,FBB
S000669,C000669,1000/1000 Mbps,499,2025-08-01,,ACTIVE,3BB
S000670,C000670,500/500 Mbps,799,2025-01-01,,ACTIVE,3BB
S000671,C000671,500/500 Mbps,599,2025-03-01,2025-04-01,CHURN,3BB
S000672,C000672,1000/500 Mbps,999,2025-04-01,,ACTIVE,3BB
S000673,C000673,1000/1000 Mbps,499,2025-01-01,2025-02-01,CHURN,FBB
S000674,C000674,500/500 Mbps,399,2025-01-01,,ACTIVE,FBB
S000675,C000675,1000/1000 Mbps,599,2025-12-01,,ACTIVE,3BB
S000676,C000676,1000/500 Mbps,499,2025-04-01,,ACTIVE,FBB
S000677,C000677,500/500 Mbps,799,2025-06-01,,ACTIVE,FBB
S000678,C000678,500/500 Mbps,799,2025-07-01,,ACTIVE,3BB
S000679,C000679,500/500 Mbps,499,2025-01-01,,ACTIVE,3BB
S000680,C000680,500/500 Mbps,799,2025-03-01,,ACTIVE,FBB
S000681,C000681,1000/500 Mbps,499,2025-11-01,,ACTIVE,3BB
S000682,C000682,1000/500 Mbps,499,2025-03-01,2025-04-01,CHURN,FBB
S000683,C000683,500/500 Mbps,599,2025-08-01,,ACTIVE,FBB
S000684,C000684,1000/1000 Mbps,999,2025-05-01,,ACTIVE,FBB
S000685,C000685,500/500 Mbps,399,2025-10-01,,ACTIVE,3BB
S000686,C000686,500/500 Mbps,999,2025-09-01,,ACTIVE,3BB
S000687,C000687,1000/1000 Mbps,799,2025-08-01,,ACTIVE,FBB
S000688,C000688,1000/1000 Mbps,499,2025-04-01,,ACTIVE,FBB
S000689,C000689,1000/500 Mbps,399,2025-10-01,,ACTIVE,FBB
S000690,C000690,1000/1000 Mbps,399,2025-08-01,,ACTIVE,3BB
S000691,C000691,1000/1000 Mbps,399,2025-09-01,,ACTIVE,3BB
S000692,C000692,1000/1000 Mbps,399,2025-08-01,,ACTIVE,3BB
S000693,C000693,500/500 Mbps,399,2025-04-01,2025-09-01,CHURN,FBB
S000694,C000694,500/500 Mbps,799,2025-08-01,,ACTIVE,FBB
S000695,C000695,500/500 Mbps,799,2025-08-01,,ACTIVE,FBB
S000696,C000696,1000/1000 Mbps,399,2025-06-01,,ACTIVE,FBB
S000697,C000697,1000/500 Mbps,999,2025-07-01,,ACTIVE,FBB
S000698,C000698,1000/500 Mbps,999,2025-05-01,,ACTIVE,FBB
S000699,C000699,1000/1000 Mbps,399,2025-11-01,2025-12-01,CHURN,3BB
S000700,C000700,1000/500 Mbps,999,2025-01-01,2025-07-01,CHURN,FBB
S000701,C000701,1000/1000 Mbps,999,2025-06-01,,ACTIVE,FBB
S000702,C000702,500/500 Mbps,499,2025-09-01,,ACTIVE,3BB
S000703,C000703,1000/1000 Mbps,799,2025-04-01,,ACTIVE,FBB
S000704,C000704,1000/500 Mbps,599,2025-12-01,,ACTIVE,3BB
S000705,C000705,1000/500 Mbps,399,2025-09-01,,ACTIVE,FBB
S000706,C000706,1000/500 Mbps,999,2025-06-01,,ACTIVE,FBB
S000707,C000707,1000/1000 Mbps,999,2025-08-01,,ACTIVE,3BB
S000708,C000708,1000/1000 Mbps,399,2025-08-01,,ACTIVE,FBB
S000709,C000709,500/500 Mbps,599,2025-08-01,2025-12-01,CHURN,FBB
S000710,C000710,1000/1000 Mbps,499,2025-02-01,2025-04-01,CHURN,3BB
S000711,C000711,1000/1000 Mbps,399,2025-03-01,,ACTIVE,3BB
S000712,C000712,1000/1000 Mbps,499,2025-07-01,,ACTIVE,3BB
S000713,C000713,1000/1000 Mbps,399,2025-06-01,,ACTIVE,3BB
S000714,C000714,1000/1000 Mbps,599,2025-04-01,2025-08-01,CHURN,3BB
S000715,C000715,1000/1000 Mbps,599,2025-10-01,,ACTIVE,3BB
S000716,C000716,1000/1000 Mbps,999,2025-10-01,,ACTIVE,3BB
S000717,C000717,500/500 Mbps,599,2025-08-01,,ACTIVE,FBB
S000718,C000718,1000/500 Mbps,599,2025-05-01,,ACTIVE,FBB
S000719,C000719,1000/500 Mbps,499,2025-03-01,,ACTIVE,FBB
S000720,C000720,500/500 Mbps,499,2025-12-01,,ACTIVE,FBB
S000721,C000721,500/500 Mbps,599,2025-03-01,,ACTIVE,FBB
S000722,C000722,500/500 Mbps,499,2025-08-01,,ACTIVE,FBB
S000723,C000723,1000/500 Mbps,499,2025-11-01,,ACTIVE,3BB
S000724,C000724,500/500 Mbps,999,2025-08-01,,ACTIVE,3BB
S000725,C000725,1000/500 Mbps,799,2025-02-01,,ACTIVE,FBB
S000726,C000726,500/500 Mbps,399,2025-08-01,,ACTIVE,3BB
S000727,C000727,1000/500 Mbps,599,2025-11-01,,ACTIVE,FBB
S000728,C000728,1000/500 Mbps,599,2025-10-01,,ACTIVE,FBB
S000729,C000729,500/500 Mbps,499,2025-12-01,,ACTIVE,FBB
S000730,C000730,500/500 Mbps,799,2025-05-01,2025-10-01,CHURN,3BB
S000731,C000731,1000/1000 Mbps,499,2025-02-01,,ACTIVE,FBB
S000732,C000732,500/500 Mbps,999,2025-05-01,,ACTIVE,3BB
S000733,C000733,500/500 Mbps,999,2025-11-01,,ACTIVE,3BB
S000734,C000734,1000/1000 Mbps,999,2025-04-01,,ACTIVE,FBB
S000735,C000735,500/500 Mbps,799,2025-11-01,,ACTIVE,3BB
S000736,C000736,1000/500 Mbps,599,2025-07-01,,ACTIVE,3BB
S000737,C000737,1000/1000 Mbps,399,2025-05-01,,ACTIVE,FBB
S000738,C000738,1000/1000 Mbps,799,2025-12-01,,ACTIVE,3BB
S000739,C000739,1000/500 Mbps,799,2025-05-01,2025-11-01,CHURN,FBB
S000740,C000740,500/500 Mbps,499,2025-10-01,,ACTIVE,3BB
S000741,C000741,1000/1000 Mbps,599,2025-08-01,,ACTIVE,FBB
S000742,C000742,500/500 Mbps,399,2025-10-01,,ACTIVE,3BB
S000743,C000743,1000/500 Mbps,499,2025-11-01,,ACTIVE,3BB
S000744,C000744,500/500 Mbps,499,2025-12-01,,ACTIVE,FBB
S000745,C000745,1000/500 Mbps,399,2025-07-01,,ACTIVE,3BB
S000746,C000746,1000/1000 Mbps,799,2025-10-01,,ACTIVE,FBB
S000747,C000747,500/500 Mbps,599,2025-01-01,,ACTIVE,3BB
S000748,C000748,1000/500 Mbps,399,2025-11-01,,ACTIVE,3BB
S000749,C000749,500/500 Mbps,399,2025-07-01,2025-09-01,CHURN,3BB
S000750,C000750,500/500 Mbps,999,2025-08-01,,ACTIVE,3BB
S000751,C000751,1000/500 Mbps,599,2025-10-01,,ACTIVE,3BB
S000752,C000752,1000/500 Mbps,999,2025-12-01,,ACTIVE,FBB
S000753,C000753,500/500 Mbps,599,2025-05-01,2025-06-01,CHURN,3BB
S000754,C000754,500/500 Mbps,399,2025-12-01,,CHURN,3BB
S000755,C000755,1000/500 Mbps,399,2025-06-01,,ACTIVE,3BB
S000756,C000756,500/500 Mbps,999,2025-05-01,,ACTIVE,FBB
S000757,C000757,500/500 Mbps,999,2025-11-01,,ACTIVE,FBB
S000758,C000758,1000/500 Mbps,599,2025-09-01,,ACTIVE,3BB
S000759,C000759,1000/500 Mbps,399,2025-11-01,,ACTIVE,3BB
S000760,C000760,1000/500 Mbps,599,2025-03-01,2025-12-01,CHURN,3BB
S000761,C000761,500/500 Mbps,399,2025-07-01,,ACTIVE,FBB
S000762,C000762,500/500 Mbps,999,2025-03-01,,ACTIVE,FBB
S000763,C000763,500/500 Mbps,399,2025-07-01,,ACTIVE,FBB
S000764,C000764,1000/500 Mbps,599,2025-01-01,,ACTIVE,FBB
S000765,C000765,1000/1000 Mbps,999,2025-08-01,,ACTIVE,3BB
S000766,C000766,500/500 Mbps,399,2025-03-01,,ACTIVE,FBB
S000767,C000767,500/500 Mbps,499,2025-03-01,,ACTIVE,3BB
S000768,C000768,500/500 Mbps,799,2025-03-01,,ACTIVE,FBB
S000769,C000769,1000/500 Mbps,399,2025-02-01,2025-10-01,CHURN,FBB
S000770,C000770,1000/1000 Mbps,399,2025-02-01,2025-11-01,CHURN,3BB
S000771,C000771,500/500 Mbps,399,2025-02-01,,ACTIVE,3BB
S000772,C000772,500/500 Mbps,999,2025-11-01,2025-12-01,CHURN,FBB
S000773,C000773,500/500 Mbps,599,2025-10-01,,ACTIVE,FBB
S000774,C000774,1000/1000 Mbps,599,2025-02-01,2025-07-01,CHURN,3BB
S000775,C000775,1000/1000 Mbps,999,2025-03-01,,ACTIVE,FBB
S000776,C000776,500/500 Mbps,999,2025-09-01,,ACTIVE,FBB
S000777,C000777,500/500 Mbps,599,2025-09-01,,ACTIVE,FBB
S000778,C000778,500/500 Mbps,499,2025-09-01,2025-12-01,CHURN,3BB
S000779,C000779,500/500 Mbps,799,2025-06-01,,ACTIVE,FBB
S000780,C000780,1000/500 Mbps,799,2025-03-01,,ACTIVE,FBB
S000781,C000781,500/500 Mbps,599,2025-09-01,,ACTIVE,FBB
S000782,C000782,1000/500 Mbps,599,2025-08-01,2025-10-01,CHURN,3BB
S000783,C000783,500/500 Mbps,599,2025-09-01,,ACTIVE,3BB
S000784,C000784,1000/500 Mbps,999,2025-02-01,,ACTIVE,3BB
S000785,C000785,1000/500 Mbps,499,2025-11-01,,ACTIVE,3BB
S000786,C000786,1000/500 Mbps,499,2025-05-01,,ACTIVE,FBB
S000787,C000787,1000/500 Mbps,499,2025-08-01,,ACTIVE,FBB
S000788,C000788,500/500 Mbps,799,2025-11-01,,ACTIVE,3BB
S000789,C000789,500/500 Mbps,399,2025-09-01,,ACTIVE,FBB
S000790,C000790,1000/1000 Mbps,399,2025-07-01,,ACTIVE,FBB
S000791,C000791,500/500 Mbps,599,2025-02-01,,ACTIVE,FBB
S000792,C000792,1000/500 Mbps,399,2025-10-01,,ACTIVE,FBB
S000793,C000793,1000/500 Mbps,999,2025-07-01,,ACTIVE,3BB
S000794,C000794,1000/500 Mbps,799,2025-11-01,,ACTIVE,3BB
S000795,C000795,500/500 Mbps,799,2025-08-01,,ACTIVE,FBB
S000796,C000796,1000/500 Mbps,499,2025-02-01,,ACTIVE,FBB
S000797,C000797,500/500 Mbps,799,2025-01-01,2025-02-01,CHURN,FBB
S000798,C000798,1000/1000 Mbps,599,2025-03-01,,ACTIVE,FBB
S000799,C000799,500/500 Mbps,399,2025-05-01,,ACTIVE,3BB
S000800,C000800,1000/1000 Mbps,799,2025-08-01,,ACTIVE,3BB
S000801,C000801,1000/500 Mbps,999,2025-09-01,,ACTIVE,FBB
S000802,C000802,500/500 Mbps,799,2025-01-01,,ACTIVE,3BB
S000803,C000803,1000/500 Mbps,799,2025-06-01,,ACTIVE,FBB
S000804,C000804,1000/500 Mbps,499,2025-01-01,2025-12-01,CHURN,3BB
S000805,C000805,1000/500 Mbps,399,2025-07-01,2025-11-01,CHURN,3BB
S000806,C000806,1000/1000 Mbps,999,2025-11-01,,ACTIVE,3BB
S000807,C000807,500/500 Mbps,999,2025-08-01,,ACTIVE,FBB
S000808,C000808,1000/1000 Mbps,799,2025-07-01,,ACTIVE,3BB
S000809,C000809,500/500 Mbps,999,2025-05-01,,ACTIVE,FBB
S000810,C000810,1000/500 Mbps,999,2025-03-01,,ACTIVE,FBB
S000811,C000811,500/500 Mbps,799,2025-11-01,,ACTIVE,3BB
S000812,C000812,500/500 Mbps,499,2025-06-01,,ACTIVE,FBB
S000813,C000813,1000/1000 Mbps,399,2025-04-01,,ACTIVE,FBB
S000814,C000814,500/500 Mbps,999,2025-05-01,2025-07-01,CHURN,3BB
S000815,C000815,1000/500 Mbps,999,2025-01-01,,ACTIVE,3BB
S000816,C000816,1000/1000 Mbps,399,2025-05-01,2025-09-01,CHURN,3BB
S000817,C000817,1000/500 Mbps,999,2025-07-01,,ACTIVE,FBB
S000818,C000818,1000/500 Mbps,799,2025-08-01,2025-10-01,CHURN,3BB
S000819,C000819,1000/500 Mbps,799,2025-03-01,,ACTIVE,FBB
S000820,C000820,500/500 Mbps,999,2025-08-01,,ACTIVE,FBB
S000821,C000821,1000/500 Mbps,999,2025-05-01,,ACTIVE,3BB
S000822,C000822,500/500 Mbps,999,2025-04-01,,ACTIVE,FBB
S000823,C000823,500/500 Mbps,999,2025-10-01,,ACTIVE,3BB
S000824,C000824,500/500 Mbps,599,2025-07-01,,ACTIVE,3BB
S000825,C000825,1000/500 Mbps,499,2025-07-01,,ACTIVE,3BB
S000826,C000826,1000/1000 Mbps,799,2025-07-01,,ACTIVE,FBB
S000827,C000827,1000/1000 Mbps,499,2025-01-01,,ACTIVE,3BB
S000828,C000828,1000/1000 Mbps,799,2025-04-01,,ACTIVE,3BB
S000829,C000829,1000/1000 Mbps,799,2025-11-01,,ACTIVE,FBB
S000830,C000830,1000/500 Mbps,499,2025-09-01,,ACTIVE,FBB
S000831,C000831,1000/500 Mbps,799,2025-03-01,,ACTIVE,3BB
S000832,C000832,500/500 Mbps,499,2025-06-01,,ACTIVE,3BB
S000833,C000833,1000/1000 Mbps,499,2025-05-01,,ACTIVE,3BB
S000834,C000834,1000/500 Mbps,499,2025-11-01,,ACTIVE,FBB
S000835,C000835,500/500 Mbps,599,2025-03-01,,ACTIVE,3BB
S000836,C000836,1000/500 Mbps,799,2025-08-01,,ACTIVE,FBB
S000837,C000837,500/500 Mbps,599,2025-04-01,2025-07-01,CHURN,3BB
S000838,C000838,1000/1000 Mbps,399,2025-11-01,,ACTIVE,3BB
S000839,C000839,1000/500 Mbps,999,2025-01-01,2025-03-01,CHURN,3BB
S000840,C000840,1000/500 Mbps,599,2025-02-01,,ACTIVE,FBB
S000841,C000841,1000/1000 Mbps,499,2025-07-01,,ACTIVE,FBB
S000842,C000842,1000/1000 Mbps,399,2025-02-01,,ACTIVE,3BB
S000843,C000843,500/500 Mbps,999,2025-08-01,,ACTIVE,FBB
S000844,C000844,1000/1000 Mbps,799,2025-06-01,,ACTIVE,FBB
S000845,C000845,500/500 Mbps,499,2025-07-01,,ACTIVE,FBB
S000846,C000846,1000/500 Mbps,999,2025-05-01,,ACTIVE,FBB
S000847,C000847,1000/1000 Mbps,399,2025-08-01,,ACTIVE,3BB
S000848,C000848,1000/1000 Mbps,499,2025-09-01,,ACTIVE,3BB
S000849,C000849,1000/1000 Mbps,599,2025-03-01,,ACTIVE,3BB
S000850,C000850,1000/1000 Mbps,399,2025-01-01,,ACTIVE,FBB
S000851,C000851,1000/1000 Mbps,499,2025-12-01,,ACTIVE,3BB
S000852,C000852,1000/1000 Mbps,599,2025-09-01,,ACTIVE,FBB
S000853,C000853,1000/500 Mbps,799,2025-09-01,,ACTIVE,FBB
S000854,C000854,1000/500 Mbps,599,2025-07-01,,ACTIVE,FBB
S000855,C000855,500/500 Mbps,799,2025-04-01,,ACTIVE,3BB
S000856,C000856,500/500 Mbps,599,2025-11-01,,ACTIVE,FBB
S000857,C000857,1000/500 Mbps,599,2025-08-01,,ACTIVE,3BB
S000858,C000858,1000/1000 Mbps,599,2025-02-01,,ACTIVE,FBB
S000859,C000859,1000/1000 Mbps,999,2025-06-01,,ACTIVE,3BB
S000860,C000860,500/500 Mbps,499,2025-08-01,,ACTIVE,3BB
S000861,C000861,500/500 Mbps,599,2025-11-01,2025-12-01,CHURN,3BB
S000862,C000862,500/500 Mbps,999,2025-10-01,2025-11-01,CHURN,FBB
S000863,C000863,1000/500 Mbps,799,2025-10-01,,ACTIVE,3BB
S000864,C000864,500/500 Mbps,999,2025-12-01,,CHURN,3BB
S000865,C000865,1000/500 Mbps,599,2025-05-01,,ACTIVE,FBB
S000866,C000866,1000/1000 Mbps,499,2025-07-01,,ACTIVE,FBB
S000867,C000867,1000/1000 Mbps,999,2025-01-01,,ACTIVE,FBB
S000868,C000868,500/500 Mbps,599,2025-02-01,,ACTIVE,FBB
S000869,C000869,1000/500 Mbps,999,2025-01-01,,ACTIVE,3BB
S000870,C000870,500/500 Mbps,999,2025-03-01,2025-09-01,CHURN,FBB
S000871,C000871,1000/500 Mbps,799,2025-01-01,,ACTIVE,3BB
S000872,C000872,500/500 Mbps,499,2025-02-01,,ACTIVE,3BB
S000873,C000873,1000/500 Mbps,499,2025-05-01,,ACTIVE,3BB
S000874,C000874,1000/500 Mbps,499,2025-04-01,,ACTIVE,3BB
S000875,C000875,500/500 Mbps,399,2025-03-01,,ACTIVE,3BB
S000876,C000876,1000/500 Mbps,499,2025-05-01,,ACTIVE,3BB
S000877,C000877,1000/500 Mbps,399,2025-10-01,,ACTIVE,FBB
S000878,C000878,1000/1000 Mbps,799,2025-08-01,2025-11-01,CHURN,FBB
S000879,C000879,1000/500 Mbps,999,2025-12-01,,ACTIVE,3BB
S000880,C000880,500/500 Mbps,599,2025-02-01,2025-03-01,CHURN,FBB
S000881,C000881,1000/1000 Mbps,999,2025-08-01,,ACTIVE,FBB
S000882,C000882,1000/1000 Mbps,799,2025-01-01,,ACTIVE,3BB
S000883,C000883,500/500 Mbps,999,2025-07-01,,ACTIVE,FBB
S000884,C000884,1000/1000 Mbps,799,2025-10-01,2025-11-01,CHURN,3BB
S000885,C000885,1000/1000 Mbps,999,2025-08-01,2025-11-01,CHURN,3BB
S000886,C000886,1000/500 Mbps,399,2025-03-01,,ACTIVE,FBB
S000887,C000887,1000/500 Mbps,599,2025-08-01,,ACTIVE,3BB
S000888,C000888,1000/500 Mbps,999,2025-05-01,,ACTIVE,3BB
S000889,C000889,500/500 Mbps,599,2025-09-01,,ACTIVE,3BB
S000890,C000890,1000/1000 Mbps,799,2025-03-01,,ACTIVE,FBB
S000891,C000891,500/500 Mbps,399,2025-04-01,2025-08-01,CHURN,3BB
S000892,C000892,1000/500 Mbps,399,2025-05-01,2025-09-01,CHURN,3BB
S000893,C000893,1000/1000 Mbps,999,2025-01-01,,ACTIVE,3BB
S000894,C000894,1000/1000 Mbps,499,2025-08-01,,ACTIVE,FBB
S000895,C000895,500/500 Mbps,499,2025-06-01,2025-09-01,CHURN,3BB
S000896,C000896,1000/1000 Mbps,499,2025-10-01,,ACTIVE,FBB
S000897,C000897,500/500 Mbps,799,2025-09-01,,ACTIVE,FBB
S000898,C000898,1000/1000 Mbps,399,2025-04-01,,ACTIVE,3BB
S000899,C000899,1000/1000 Mbps,399,2025-01-01,,ACTIVE,3BB
S000900,C000900,500/500 Mbps,599,2025-06-01,,ACTIVE,FBB
S000901,C000901,1000/500 Mbps,799,2025-01-01,2025-12-01,CHURN,3BB
S000902,C000902,1000/500 Mbps,399,2025-10-01,,ACTIVE,3BB
S000903,C000903,1000/1000 Mbps,999,2025-06-01,,ACTIVE,FBB
S000904,C000904,1000/1000 Mbps,599,2025-04-01,,ACTIVE,3BB
S000905,C000905,1000/1000 Mbps,999,2025-01-01,,ACTIVE,3BB
S000906,C000906,500/500 Mbps,499,2025-02-01,,ACTIVE,3BB
S000907,C000907,500/500 Mbps,799,2025-02-01,2025-06-01,CHURN,3BB
S000908,C000908,1000/1000 Mbps,499,2025-05-01,,ACTIVE,FBB
S000909,C000909,1000/500 Mbps,599,2025-05-01,,ACTIVE,FBB
S000910,C000910,1000/500 Mbps,999,2025-06-01,,ACTIVE,FBB
S000911,C000911,1000/500 Mbps,799,2025-08-01,,ACTIVE,3BB
S000912,C000912,500/500 Mbps,799,2025-10-01,,ACTIVE,3BB
S000913,C000913,1000/1000 Mbps,799,2025-10-01,,ACTIVE,FBB
S000914,C000914,1000/500 Mbps,499,2025-01-01,,ACTIVE,FBB
S000915,C000915,1000/1000 Mbps,999,2025-08-01,,ACTIVE,FBB
S000916,C000916,500/500 Mbps,799,2025-05-01,,ACTIVE,3BB
S000917,C000917,1000/1000 Mbps,599,2025-03-01,,ACTIVE,FBB
S000918,C000918,1000/1000 Mbps,399,2025-09-01,,ACTIVE,FBB
S000919,C000919,1000/1000 Mbps,799,2025-01-01,,ACTIVE,3BB
S000920,C000920,1000/1000 Mbps,999,2025-02-01,,ACTIVE,3BB
S000921,C000921,500/500 Mbps,999,2025-06-01,,ACTIVE,FBB
S000922,C000922,1000/500 Mbps,499,2025-02-01,,ACTIVE,FBB
S000923,C000923,1000/1000 Mbps,599,2025-07-01,2025-11-01,CHURN,3BB
S000924,C000924,1000/1000 Mbps,799,2025-10-01,,ACTIVE,3BB
S000925,C000925,500/500 Mbps,499,2025-06-01,,ACTIVE,FBB
S000926,C000926,1000/1000 Mbps,599,2025-02-01,,ACTIVE,FBB
S000927,C000927,500/500 Mbps,799,2025-07-01,,ACTIVE,FBB
S000928,C000928,1000/500 Mbps,799,2025-01-01,2025-09-01,CHURN,3BB
S000929,C000929,1000/1000 Mbps,599,2025-05-01,,ACTIVE,3BB
S000930,C000930,500/500 Mbps,499,2025-05-01,2025-07-01,CHURN,FBB
S000931,C000931,500/500 Mbps,399,2025-01-01,,ACTIVE,FBB
S000932,C000932,1000/1000 Mbps,499,2025-08-01,,ACTIVE,3BB
S000933,C000933,1000/1000 Mbps,499,2025-11-01,,ACTIVE,FBB
S000934,C000934,500/500 Mbps,799,2025-05-01,,ACTIVE,3BB
S000935,C000935,1000/1000 Mbps,799,2025-01-01,2025-04-01,CHURN,3BB
S000936,C000936,1000/1000 Mbps,499,2025-08-01,2025-12-01,CHURN,FBB
S000937,C000937,1000/500 Mbps,399,2025-05-01,,ACTIVE,3BB
S000938,C000938,1000/500 Mbps,799,2025-01-01,2025-08-01,CHURN,3BB
S000939,C000939,1000/500 Mbps,999,2025-01-01,,ACTIVE,3BB
S000940,C000940,1000/1000 Mbps,399,2025-04-01,,ACTIVE,3BB
S000941,C000941,500/500 Mbps,599,2025-10-01,,ACTIVE,3BB
S000942,C000942,1000/500 Mbps,799,2025-08-01,2025-11-01,CHURN,FBB
S000943,C000943,500/500 Mbps,799,2025-03-01,,ACTIVE,3BB
S000944,C000944,500/500 Mbps,999,2025-08-01,,ACTIVE,3BB
S000945,C000945,1000/1000 Mbps,799,2025-10-01,,ACTIVE,FBB
S000946,C000946,1000/500 Mbps,799,2025-05-01,,ACTIVE,3BB
S000947,C000947,500/500 Mbps,999,2025-08-01,,ACTIVE,FBB
S000948,C000948,500/500 Mbps,799,2025-05-01,,ACTIVE,FBB
S000949,C000949,1000/1000 Mbps,799,2025-03-01,,ACTIVE,FBB
S000950,C000950,1000/500 Mbps,599,2025-07-01,,ACTIVE,FBB
S000951,C000951,500/500 Mbps,599,2025-04-01,,ACTIVE,3BB
S000952,C000952,500/500 Mbps,999,2025-06-01,,ACTIVE,FBB
S000953,C000953,500/500 Mbps,999,2025-02-01,,ACTIVE,FBB
S000954,C000954,1000/500 Mbps,599,2025-02-01,,ACTIVE,3BB
S000955,C000955,1000/1000 Mbps,599,2025-06-01,,ACTIVE,FBB
S000956,C000956,1000/1000 Mbps,399,2025-12-01,,ACTIVE,FBB
S000957,C000957,500/500 Mbps,399,2025-08-01,,ACTIVE,FBB
S000958,C000958,500/500 Mbps,399,2025-09-01,2025-10-01,CHURN,FBB
S000959,C000959,1000/1000 Mbps,799,2025-06-01,2025-09-01,CHURN,3BB
S000960,C000960,500/500 Mbps,599,2025-12-01,,ACTIVE,3BB
S000961,C000961,1000/500 Mbps,799,2025-03-01,2025-07-01,CHURN,FBB
S000962,C000962,1000/500 Mbps,599,2025-04-01,,ACTIVE,3BB
S000963,C000963,1000/500 Mbps,799,2025-09-01,2025-11-01,CHURN,3BB
S000964,C000964,500/500 Mbps,999,2025-11-01,,ACTIVE,3BB
S000965,C000965,1000/500 Mbps,799,2025-04-01,2025-11-01,CHURN,3BB
S000966,C000966,1000/500 Mbps,399,2025-09-01,,ACTIVE,3BB
S000967,C000967,1000/1000 Mbps,999,2025-03-01,,ACTIVE,FBB
S000968,C000968,1000/500 Mbps,499,2025-02-01,,ACTIVE,3BB
S000969,C000969,500/500 Mbps,499,2025-01-01,,ACTIVE,FBB
S000970,C000970,1000/1000 Mbps,999,2025-11-01,,ACTIVE,3BB
S000971,C000971,1000/1000 Mbps,999,2025-07-01,,ACTIVE,3BB
S000972,C000972,1000/500 Mbps,399,2025-12-01,,ACTIVE,3BB
S000973,C000973,500/500 Mbps,799,2025-09-01,,ACTIVE,3BB
S000974,C000974,1000/1000 Mbps,999,2025-11-01,,ACTIVE,3BB
S000975,C000975,1000/1000 Mbps,799,2025-12-01,,ACTIVE,FBB
S000976,C000976,1000/500 Mbps,799,2025-05-01,2025-10-01,CHURN,FBB
S000977,C000977,1000/500 Mbps,499,2025-09-01,,ACTIVE,FBB
S000978,C000978,1000/1000 Mbps,599,2025-09-01,,ACTIVE,FBB
S000979,C000979,1000/1000 Mbps,599,2025-01-01,2025-10-01,CHURN,FBB
S000980,C000980,1000/1000 Mbps,399,2025-05-01,,ACTIVE,FBB
S000981,C000981,1000/1000 Mbps,599,2025-06-01,,ACTIVE,FBB
S000982,C000982,500/500 Mbps,799,2025-01-01,,ACTIVE,3BB
S000983,C000983,1000/500 Mbps,599,2025-10-01,,ACTIVE,FBB
S000984,C000984,1000/1000 Mbps,999,2025-12-01,,ACTIVE,FBB
S000985,C000985,1000/1000 Mbps,999,2025-06-01,,ACTIVE,FBB
S000986,C000986,1000/1000 Mbps,499,2025-12-01,,ACTIVE,FBB
S000987,C000987,500/500 Mbps,599,2025-06-01,,ACTIVE,3BB
S000988,C000988,1000/500 Mbps,399,2025-02-01,2025-09-01,CHURN,FBB
S000989,C000989,500/500 Mbps,799,2025-01-01,,ACTIVE,FBB
S000990,C000990,1000/1000 Mbps,999,2025-08-01,2025-12-01,CHURN,3BB
S000991,C000991,1000/1000 Mbps,799,2025-05-01,,ACTIVE,3BB
S000992,C000992,1000/500 Mbps,799,2025-12-01,,ACTIVE,FBB
S000993,C000993,1000/500 Mbps,799,2025-03-01,,ACTIVE,FBB
S000994,C000994,1000/1000 Mbps,399,2025-12-01,,ACTIVE,FBB
S000995,C000995,1000/1000 Mbps,499,2025-08-01,,ACTIVE,3BB
S000996,C000996,1000/500 Mbps,399,2025-02-01,,ACTIVE,FBB
S000997,C000997,500/500 Mbps,999,2025-06-01,,ACTIVE,FBB
S000998,C000998,1000/500 Mbps,599,2025-02-01,,ACTIVE,3BB
S000999,C000999,500/500 Mbps,999,2025-08-01,2025-10-01,CHURN,3BB
S001000,C001000,1000/500 Mbps,599,2025-01-01,,ACTIVE,FBB
